Date,Last Price
3/11/2020,2541
3/10/2020,2541
3/9/2020,3041
3/6/2020,3364
3/5/2020,3441
3/4/2020,3438
3/3/2020,3377
3/2/2020,3231
2/28/2020,3372
2/27/2020,3495
2/26/2020,3586
2/25/2020,3695
2/24/2020,3821
2/21/2020,3857
2/20/2020,3805
2/19/2020,3716
2/18/2020,3716
2/17/2020,3716
2/14/2020,3675
2/13/2020,3646
2/12/2020,3557
2/11/2020,3535
2/10/2020,3585
2/7/2020,3630
2/6/2020,3617
2/5/2020,3529
2/4/2020,3587
2/3/2020,3687
2/1/2020,3687
1/31/2020,3727
1/30/2020,3796
1/29/2020,3815
1/28/2020,3794
1/27/2020,3861
1/24/2020,3960
1/23/2020,4040
1/22/2020,4156
1/21/2020,4159
1/20/2020,4159
1/17/2020,4149
1/16/2020,4097
1/15/2020,4130
1/14/2020,4113
1/13/2020,4199
1/10/2020,4254
1/9/2020,4293
1/8/2020,4500
1/7/2020,4561
1/6/2020,4520
1/3/2020,4365
1/2/2020,4352
1/1/2020,4352
12/31/2019,4401
12/30/2019,4396
12/27/2019,4396
12/26/2019,4351
12/24/2019,4307
12/23/2019,4301
12/20/2019,4349
12/19/2019,4330
12/18/2019,4325
12/17/2019,4271
12/16/2019,4248
12/13/2019,4187
12/12/2019,4164
12/11/2019,4200
12/10/2019,4200
12/9/2019,4222
12/6/2019,4181
12/5/2019,4194
12/4/2019,4017
12/3/2019,4014
12/2/2019,3957
11/29/2019,4147
11/28/2019,4147
11/27/2019,4182
11/26/2019,4156
11/25/2019,4151
11/22/2019,4206
11/21/2019,4086
11/20/2019,3965
11/19/2019,4091
11/18/2019,4139
11/15/2019,4090
11/14/2019,4096
11/13/2019,4058
11/12/2019,4062
11/11/2019,4078
11/8/2019,4058
11/7/2019,3994
11/6/2019,4048
11/5/2019,3996
11/4/2019,3983
11/1/2019,3983
10/31/2019,3836
10/30/2019,3909
10/29/2019,3928
10/28/2019,3960
10/25/2019,3989
10/24/2019,3970
10/23/2019,3861
10/22/2019,3861
10/21/2019,3829
10/18/2019,3829
10/17/2019,3851
10/16/2019,3816
10/15/2019,3766
10/14/2019,3806
10/11/2019,3885
10/10/2019,3805
10/9/2019,3740
10/8/2019,3735
10/7/2019,3744
10/4/2019,3743
10/3/2019,3730
10/1/2019,3802
9/30/2019,3822
9/27/2019,3961
9/26/2019,4013
9/25/2019,4059
9/24/2019,4059
9/23/2019,4121
9/20/2019,4135
9/19/2019,4135
9/18/2019,4262
9/17/2019,4262
9/16/2019,4500
9/13/2019,3891
9/12/2019,3995
9/11/2019,4109
9/10/2019,4109
9/9/2019,4141
9/6/2019,4054
9/5/2019,4046
9/4/2019,4055
9/3/2019,3894
9/2/2019,3954
8/30/2019,3954
8/29/2019,4083
8/28/2019,4000
8/27/2019,3945
8/26/2019,3872
8/23/2019,3885
8/22/2019,3969
8/21/2019,3984
8/20/2019,4022
8/19/2019,4010
8/16/2019,3912
8/14/2019,4068
8/13/2019,3874
8/12/2019,3843
8/9/2019,3843
8/8/2019,3722
8/7/2019,3625
8/6/2019,3793
8/5/2019,3848
8/2/2019,3726
8/1/2019,4034
7/31/2019,3991
7/30/2019,3918
7/29/2019,3881
7/26/2019,3865
7/25/2019,3856
7/24/2019,3917
7/23/2019,3917
7/22/2019,3829
7/19/2019,3809
7/18/2019,3907
7/17/2019,3951
7/12/2019,4116
7/11/2019,4141
7/10/2019,3975
7/9/2019,3961
7/8/2019,3954
7/5/2019,3949
7/4/2019,3949
7/3/2019,3881
7/2/2019,4075
7/1/2019,4030
6/28/2019,4114
6/27/2019,4116
6/26/2019,4010
6/25/2019,4023
6/24/2019,3999
6/21/2019,3970
6/20/2019,3745
6/19/2019,3762
6/18/2019,3627
6/17/2019,3653
6/14/2019,3626
6/13/2019,3549
6/12/2019,3698
6/11/2019,3699
6/10/2019,3742
6/7/2019,3646
6/6/2019,3581
6/5/2019,3706
6/4/2019,3697
6/3/2019,3735
5/31/2019,3949
5/30/2019,4110
5/29/2019,4117
5/28/2019,4081
5/27/2019,4081
5/24/2019,4035
5/23/2019,4285
5/22/2019,4392
5/21/2019,4388
5/20/2019,4404
5/17/2019,4416
5/16/2019,4354
5/15/2019,4351
5/14/2019,4289
5/13/2019,4311
5/10/2019,4311
5/9/2019,4324
5/8/2019,4256
5/7/2019,4317
5/6/2019,4290
5/3/2019,4298
5/2/2019,4442
5/1/2019,4463
4/30/2019,4440
4/26/2019,4561
4/25/2019,4606
4/24/2019,4624
4/23/2019,4582
4/22/2019,4443
4/18/2019,4436
4/17/2019,4456
4/16/2019,4389
4/15/2019,4429
4/12/2019,4385
4/11/2019,4468
4/10/2019,4449
4/9/2019,4477
4/8/2019,4365
4/5/2019,4275
4/4/2019,4278
4/3/2019,4326
4/2/2019,4260
4/1/2019,4160
3/29/2019,4092
3/28/2019,4094
3/27/2019,4127
3/26/2019,4058
3/25/2019,4054
3/22/2019,4130
3/21/2019,4147
3/20/2019,4049
3/19/2019,4054
3/18/2019,4050
3/15/2019,4083
3/14/2019,4056
3/13/2019,3958
3/12/2019,3971
3/11/2019,3931
3/8/2019,3968
3/7/2019,3968
3/6/2019,4002
3/5/2019,4016
3/4/2019,3960
3/1/2019,4074
2/28/2019,4052
2/27/2019,3946
2/26/2019,3941
2/25/2019,4078
2/22/2019,4053
2/21/2019,4068
2/20/2019,4009
2/19/2019,3961
2/18/2019,3961
2/15/2019,3860
2/14/2019,3803
2/13/2019,3767
2/12/2019,3730
2/11/2019,3759
2/8/2019,3762
2/7/2019,3866
2/6/2019,3850
2/5/2019,3910
2/4/2019,3930
2/1/2019,3821
1/31/2019,3864
1/30/2019,3790
1/29/2019,3698
1/28/2019,3818
1/25/2019,3787
1/24/2019,3747
1/23/2019,3784
1/22/2019,3827
1/21/2019,3827
1/18/2019,3715
1/17/2019,3724
1/16/2019,3701
1/15/2019,3577
1/14/2019,3636
1/11/2019,3708
1/10/2019,3688
1/9/2019,3486
1/8/2019,3371
1/7/2019,3351
1/4/2019,3313
1/3/2019,3240
1/2/2019,3169
1/1/2019,3169
12/31/2018,3172
12/28/2018,3137
12/27/2018,3235
12/26/2018,2985
12/24/2018,3193
12/21/2018,3225
12/20/2018,3377
12/19/2018,3292
12/18/2018,3575
12/17/2018,3673
12/14/2018,3761
12/13/2018,3685
12/12/2018,3715
12/11/2018,3638
12/10/2018,3712
12/7/2018,3658
12/6/2018,3730
12/5/2018,3746
12/4/2018,3708
12/3/2018,3548
11/30/2018,3597
11/29/2018,3555
11/28/2018,3656
11/27/2018,3651
11/26/2018,3589
11/22/2018,3897
11/21/2018,3811
11/20/2018,4113
11/19/2018,4054
11/16/2018,4074
11/15/2018,4056
11/14/2018,4042
11/13/2018,4369
11/12/2018,4378
11/9/2018,4429
11/6/2018,4611
11/5/2018,4602
11/2/2018,4702
11/1/2018,4833
10/31/2018,4869
10/30/2018,4922
10/29/2018,4959
10/26/2018,4934
10/25/2018,4896
10/24/2018,4901
10/23/2018,5084
10/22/2018,5076
10/19/2018,5045
10/18/2018,5126
10/17/2018,5315
10/16/2018,5310
10/15/2018,5265
10/12/2018,5279
10/11/2018,5424
10/10/2018,5554
10/9/2018,5492
10/8/2018,5470
10/5/2018,5482
10/4/2018,5580
10/3/2018,5482
10/1/2018,5314
9/28/2018,5240
9/27/2018,5204
9/26/2018,5263
9/25/2018,5240
9/24/2018,5085
9/21/2018,5111
9/20/2018,5169
9/19/2018,5056
9/18/2018,4999
9/17/2018,4954
9/14/2018,4990
9/13/2018,5120
9/12/2018,5008
9/11/2018,4902
9/10/2018,4871
9/7/2018,4874
9/6/2018,4931
9/5/2018,4974
9/4/2018,4951
9/3/2018,4951
8/31/2018,4969
8/30/2018,4901
8/29/2018,4809
8/28/2018,4823
8/27/2018,4820
8/24/2018,4753
8/23/2018,4728
8/22/2018,4692
8/21/2018,4634
8/20/2018,4629
8/17/2018,4597
8/16/2018,4677
8/14/2018,4668
8/13/2018,4663
8/10/2018,4585
8/9/2018,4595
8/8/2018,4759
8/7/2018,4740
8/6/2018,4712
8/3/2018,4714
8/2/2018,4642
8/1/2018,4717
7/31/2018,4822
7/30/2018,4719
7/27/2018,4782
7/26/2018,4768
7/25/2018,4732
7/24/2018,4664
7/23/2018,4699
7/20/2018,4781
7/19/2018,4715
7/18/2018,4650
7/17/2018,4668
7/16/2018,4858
7/13/2018,4827
7/12/2018,4844
7/11/2018,5098
7/10/2018,5070
7/9/2018,5083
7/6/2018,5015
7/5/2018,5093
7/4/2018,5093
7/3/2018,5074
7/2/2018,5085
6/29/2018,5064
6/28/2018,4986
6/27/2018,4808
6/26/2018,4639
6/25/2018,4648
6/22/2018,4470
6/21/2018,4474
6/20/2018,4435
6/19/2018,4479
6/18/2018,4422
6/15/2018,4528
6/14/2018,4507
6/13/2018,4476
6/12/2018,4451
6/11/2018,4439
6/8/2018,4420
6/7/2018,4339
6/6/2018,4402
6/5/2018,4342
6/4/2018,4421
6/1/2018,4522
5/31/2018,4613
5/30/2018,4526
5/29/2018,4633
5/28/2018,4633
5/25/2018,4836
5/24/2018,4900
5/23/2018,4911
5/22/2018,4919
5/21/2018,4844
5/18/2018,4841
5/17/2018,4849
5/16/2018,4815
5/15/2018,4777
5/14/2018,4752
5/11/2018,4808
5/10/2018,4794
5/9/2018,4633
5/8/2018,4746
5/7/2018,4655
5/4/2018,4558
5/3/2018,4528
5/2/2018,4491
5/1/2018,4579
4/30/2018,4548
4/27/2018,4557
4/26/2018,4539
4/25/2018,4493
4/24/2018,4545
4/23/2018,4516
4/20/2018,4492
4/19/2018,4497
4/18/2018,4365
4/17/2018,4334
4/16/2018,4395
4/13/2018,4383
4/12/2018,4352
4/11/2018,4254
4/10/2018,4118
4/9/2018,4033
4/6/2018,4134
4/5/2018,4121
4/4/2018,4130
4/3/2018,4098
4/2/2018,4224
3/29/2018,4188
3/28/2018,4228
3/27/2018,4255
3/26/2018,4291
3/23/2018,4183
3/22/2018,4250
3/21/2018,4143
3/20/2018,4036
3/19/2018,4044
3/16/2018,3973
3/15/2018,3962
3/14/2018,3944
3/13/2018,3990
3/12/2018,4037
3/9/2018,3903
3/8/2018,3972
3/7/2018,4069
3/6/2018,4070
3/5/2018,3995
3/2/2018,3978
3/1/2018,4013
2/28/2018,4086
2/27/2018,4133
2/26/2018,4119
2/23/2018,4083
2/22/2018,3998
2/21/2018,3987
2/20/2018,3942
2/19/2018,3942
2/16/2018,3921
2/15/2018,3886
2/14/2018,3805
2/13/2018,3811
2/12/2018,3811
2/9/2018,3923
2/8/2018,3963
2/7/2018,4074
2/6/2018,4107
2/5/2018,4194
2/2/2018,4186
2/1/2018,4123
1/31/2018,4112
1/30/2018,4166
1/29/2018,4160
1/25/2018,4176
1/24/2018,4111
1/23/2018,4061
1/22/2018,4038
1/19/2018,4083
1/18/2018,4093
1/17/2018,4063
1/16/2018,4085
1/15/2018,4085
1/12/2018,4066
1/11/2018,4057
1/10/2018,3996
1/9/2018,3910
1/8/2018,3894
1/5/2018,3931
1/4/2018,3912
1/3/2018,3844
1/2/2018,3862
1/1/2018,3862
12/29/2017,3840
12/28/2017,3826
12/27/2017,3841
12/26/2017,3744
12/22/2017,3740
12/21/2017,3721
12/20/2017,3691
12/19/2017,3664
12/18/2017,3673
12/15/2017,3667
12/14/2017,3648
12/13/2017,3685
12/12/2017,3732
12/11/2017,3698
12/8/2017,3659
12/7/2017,3606
12/6/2017,3709
12/5/2017,3700
12/4/2017,3760
12/1/2017,3698
11/30/2017,3690
11/29/2017,3736
11/28/2017,3759
11/27/2017,3757
11/24/2017,3757
11/23/2017,3757
11/22/2017,3696
11/21/2017,3670
11/20/2017,3667
11/17/2017,3600
11/16/2017,3617
11/15/2017,3649
11/14/2017,3714
11/13/2017,3689
11/10/2017,3710
11/9/2017,3696
11/8/2017,3707
11/7/2017,3712
11/6/2017,3593
11/3/2017,3523
11/2/2017,3504
11/1/2017,3522
10/31/2017,3516
10/30/2017,3509
10/27/2017,3410
10/26/2017,3399
10/25/2017,3407
10/24/2017,3375
10/23/2017,3373
10/20/2017,3386
10/19/2017,3386
10/18/2017,3368
10/17/2017,3359
10/16/2017,3341
10/13/2017,3294
10/12/2017,3348
10/11/2017,3323
10/10/2017,3238
10/9/2017,3215
10/6/2017,3310
10/5/2017,3263
10/4/2017,3305
10/3/2017,3377
9/29/2017,3391
9/28/2017,3425
9/27/2017,3390
9/26/2017,3386
9/25/2017,3291
9/22/2017,3262
9/21/2017,3245
9/20/2017,3175
9/19/2017,3196
9/18/2017,3197
9/15/2017,3196
9/14/2017,3154
9/13/2017,3084
9/12/2017,3071
9/11/2017,3032
9/8/2017,3143
9/7/2017,3157
9/6/2017,3120
9/5/2017,3026
9/4/2017,3026
9/1/2017,3023
8/31/2017,2939
8/30/2017,2973
8/29/2017,2974
8/28/2017,3067
8/25/2017,3039
8/24/2017,3104
8/23/2017,3066
8/22/2017,3033
8/21/2017,3110
8/18/2017,3025
8/17/2017,3005
8/16/2017,3047
8/14/2017,3133
8/11/2017,3107
8/10/2017,3159
8/9/2017,3134
8/8/2017,3148
8/7/2017,3159
8/4/2017,3120
8/3/2017,3177
8/2/2017,3150
8/1/2017,3215
7/31/2017,3189
7/28/2017,3145
7/27/2017,3141
7/26/2017,3082
7/25/2017,2987
7/24/2017,2944
7/21/2017,3023
7/20/2017,3031
7/19/2017,2985
7/18/2017,2962
7/17/2017,3000
7/14/2017,2969
7/13/2017,2934
7/12/2017,2905
7/11/2017,2866
7/10/2017,2863
7/7/2017,2949
7/6/2017,2921
7/5/2017,3048
7/4/2017,3048
7/3/2017,2981
6/30/2017,2897
6/29/2017,2887
6/28/2017,2852
6/27/2017,2800
6/26/2017,2776
6/23/2017,2757
6/22/2017,2748
6/21/2017,2805
6/20/2017,2846
6/19/2017,2890
6/16/2017,2858
6/15/2017,2877
6/14/2017,2994
6/13/2017,2965
6/12/2017,2945
6/9/2017,2937
6/8/2017,2947
6/7/2017,3101
6/6/2017,3050
6/5/2017,3070
6/2/2017,3118
6/1/2017,3119
5/31/2017,3210
5/30/2017,3217
5/29/2017,3217
5/26/2017,3154
5/25/2017,3331
5/24/2017,3334
5/23/2017,3301
5/22/2017,3271
5/19/2017,3175
5/18/2017,3142
5/17/2017,3118
5/16/2017,3132
5/15/2017,3076
5/12/2017,3082
5/11/2017,3053
5/10/2017,2960
5/9/2017,2982
5/8/2017,2972
5/5/2017,2923
5/4/2017,3067
5/3/2017,3060
5/2/2017,3136
5/1/2017,3168
4/28/2017,3140
4/27/2017,3176
4/26/2017,3186
4/25/2017,3174
4/24/2017,3204
4/21/2017,3278
4/20/2017,3256
4/19/2017,3384
4/18/2017,3391
4/17/2017,3420
4/13/2017,3436
4/12/2017,3447
4/11/2017,3421
4/10/2017,3364
4/7/2017,3359
4/6/2017,3327
4/5/2017,3312
4/4/2017,3261
4/3/2017,3281
3/31/2017,3269
3/30/2017,3216
3/29/2017,3148
3/28/2017,3107
3/27/2017,3140
3/24/2017,3121
3/23/2017,3146
3/22/2017,3151
3/21/2017,3153
3/20/2017,3197
3/17/2017,3187
3/16/2017,3201
3/15/2017,3158
3/14/2017,3228
3/13/2017,3234
3/10/2017,3290
3/9/2017,3350
3/8/2017,3541
3/7/2017,3551
3/6/2017,3564
3/3/2017,3511
3/2/2017,3598
3/1/2017,3604
2/28/2017,3606
2/27/2017,3608
2/24/2017,3639
2/23/2017,3589
2/22/2017,3639
2/21/2017,3580
2/20/2017,3580
2/17/2017,3572
2/16/2017,3554
2/15/2017,3561
2/14/2017,3545
2/13/2017,3605
2/10/2017,3552
2/9/2017,3523
2/8/2017,3515
2/7/2017,3562
2/6/2017,3627
2/3/2017,3611
2/2/2017,3645
2/1/2017,3581
1/31/2017,3581
1/30/2017,3626
1/27/2017,3625
1/25/2017,3625
1/24/2017,3591
1/23/2017,3624
1/20/2017,3502
1/19/2017,3470
1/18/2017,3571
1/17/2017,3573
1/16/2017,3573
1/13/2017,3609
1/12/2017,3565
1/11/2017,3459
1/10/2017,3543
1/9/2017,3669
1/6/2017,3644
1/5/2017,3631
1/4/2017,3563
1/3/2017,3651
1/2/2017,3651
12/30/2016,3663
12/29/2016,3688
12/28/2016,3665
12/27/2016,3601
12/26/2016,3601
12/23/2016,3596
12/22/2016,3563
12/21/2016,3619
12/20/2016,3530
12/19/2016,3518
12/16/2016,3451
12/15/2016,3448
12/14/2016,3575
12/13/2016,3570
12/12/2016,3481
12/9/2016,3428
12/8/2016,3378
12/7/2016,3465
12/6/2016,3531
12/5/2016,3533
12/2/2016,3491
12/1/2016,3388
11/30/2016,3105
11/29/2016,3236
11/28/2016,3153
11/25/2016,3284
11/24/2016,3284
11/23/2016,3277
11/22/2016,3293
11/21/2016,3111
11/18/2016,3084
11/17/2016,3089
11/16/2016,3102
11/15/2016,2904
11/14/2016,2910
11/11/2016,2967
11/10/2016,3024
11/9/2016,3000
11/8/2016,2996
11/7/2016,2940
11/4/2016,2979
11/3/2016,3030
11/2/2016,3114
11/1/2016,3133
10/31/2016,3256
10/28/2016,3326
10/27/2016,3283
10/26/2016,3341
10/25/2016,3378
10/24/2016,3402
10/21/2016,3352
10/20/2016,3442
10/19/2016,3356
10/18/2016,3335
10/17/2016,3366
10/14/2016,3372
10/13/2016,3341
10/12/2016,3382
10/11/2016,3419
10/10/2016,3327
10/7/2016,3361
10/6/2016,3317
10/5/2016,3241
10/4/2016,3247
10/3/2016,3216
9/30/2016,3183
9/29/2016,3126
9/28/2016,2969
9/27/2016,3064
9/26/2016,2965
9/23/2016,3096
9/22/2016,3041
9/21/2016,2952
9/20/2016,2896
9/19/2016,2878
9/16/2016,2943
9/15/2016,2918
9/14/2016,3004
9/13/2016,3097
9/12/2016,3053
9/9/2016,3164
9/8/2016,3019
9/7/2016,2983
9/6/2016,2970
9/5/2016,2970
9/2/2016,2890
9/1/2016,2994
8/31/2016,3110
8/30/2016,3156
8/29/2016,3193
8/26/2016,3175
8/25/2016,3140
8/24/2016,3227
8/23/2016,3186
8/22/2016,3247
8/19/2016,3221
8/18/2016,3130
8/17/2016,3116
8/16/2016,2973
8/12/2016,2908
8/11/2016,2784
8/10/2016,2864
8/9/2016,2871
8/8/2016,2793
8/5/2016,2807
8/4/2016,2733
8/3/2016,2638
8/2/2016,2674
8/1/2016,2789
7/29/2016,2759
7/28/2016,2819
7/27/2016,2891
7/26/2016,2900
7/25/2016,2967
7/22/2016,3007
7/21/2016,3073
7/20/2016,2998
7/19/2016,3036
7/18/2016,3082
7/15/2016,3057
7/14/2016,3007
7/13/2016,3142
7/12/2016,3005
7/11/2016,3063
7/8/2016,3047
7/7/2016,3197
7/6/2016,3141
7/5/2016,3304
7/4/2016,3304
7/1/2016,3268
6/30/2016,3379
6/29/2016,3248
6/28/2016,3146
6/27/2016,3240
6/24/2016,3376
6/23/2016,3319
6/22/2016,3364
6/21/2016,3328
6/20/2016,3223
6/17/2016,3106
6/16/2016,3224
6/15/2016,3256
6/14/2016,3279
6/13/2016,3278
6/10/2016,3369
6/9/2016,3419
6/8/2016,3366
6/7/2016,3327
6/6/2016,3269
6/3/2016,3307
6/2/2016,3301
6/1/2016,3300
5/31/2016,3308
5/30/2016,3308
5/27/2016,3329
5/26/2016,3343
5/25/2016,3292
5/24/2016,3238
5/23/2016,3263
5/20/2016,3238
5/19/2016,3225
5/18/2016,3223
5/17/2016,3189
5/16/2016,3085
5/13/2016,3110
5/12/2016,3083
5/11/2016,2980
5/10/2016,2886
5/9/2016,2974
5/6/2016,2948
5/5/2016,2913
5/4/2016,2893
5/3/2016,2971
5/2/2016,3054
4/29/2016,3057
4/28/2016,3017
4/27/2016,2939
4/26/2016,2843
4/25/2016,2908
4/22/2016,2863
4/21/2016,2927
4/20/2016,2739
4/19/2016,2652
4/18/2016,2681
4/15/2016,2757
4/14/2016,2774
4/13/2016,2804
4/12/2016,2680
4/11/2016,2640
4/8/2016,2477
4/7/2016,2513
4/6/2016,2380
4/5/2016,2365
4/4/2016,2440
4/1/2016,2543
3/31/2016,2545
3/30/2016,2548
3/29/2016,2626
3/28/2016,2638
3/24/2016,2661
3/23/2016,2758
3/22/2016,2761
3/21/2016,2627
3/18/2016,2689
3/17/2016,2591
3/16/2016,2443
3/15/2016,2492
3/14/2016,2583
3/11/2016,2537
3/10/2016,2583
3/9/2016,2458
3/8/2016,2550
3/7/2016,2416
3/4/2016,2329
3/3/2016,2347
3/2/2016,2345
3/1/2016,2316
2/29/2016,2255
2/26/2016,2269
2/25/2016,2204
2/24/2016,2188
2/23/2016,2289
2/22/2016,2030
2/19/2016,2108
2/18/2016,2103
2/17/2016,1984
2/16/2016,2015
2/15/2016,2015
2/12/2016,1783
2/11/2016,1863
2/10/2016,1904
2/9/2016,2014
2/8/2016,2089
2/5/2016,2151
2/4/2016,2201
2/3/2016,2027
2/2/2016,2146
2/1/2016,2282
1/29/2016,2262
1/28/2016,2196
1/27/2016,2052
1/25/2016,2181
1/22/2016,2010
1/21/2016,1794
1/20/2016,1923
1/19/2016,1984
1/18/2016,1984
1/15/2016,2093
1/14/2016,2037
1/13/2016,2036
1/12/2016,2098
1/11/2016,2211
1/8/2016,2226
1/7/2016,2266
1/6/2016,2394
1/5/2016,2443
1/4/2016,2457
1/1/2016,2457
12/31/2015,2431
12/30/2015,2513
12/29/2015,2435
12/28/2015,2522
12/24/2015,2483
12/23/2015,2396
12/22/2015,2375
12/21/2015,2307
12/18/2015,2329
12/17/2015,2374
12/16/2015,2504
12/15/2015,2433
12/14/2015,2379
12/11/2015,2455
12/10/2015,2480
12/9/2015,2506
12/8/2015,2508
12/7/2015,2671
12/4/2015,2742
12/3/2015,2661
12/2/2015,2784
12/1/2015,2783
11/30/2015,2784
11/27/2015,2857
11/26/2015,2857
11/25/2015,2846
11/24/2015,2770
11/23/2015,2769
11/20/2015,2680
11/19/2015,2694
11/18/2015,2683
11/17/2015,2762
11/16/2015,2695
11/13/2015,2770
11/11/2015,2933
11/10/2015,2910
11/9/2015,2914
11/6/2015,2969
11/5/2015,3037
11/4/2015,3135
11/3/2015,3021
11/2/2015,3039
10/30/2015,3001
10/29/2015,2988
10/28/2015,2806
10/27/2015,2857
10/26/2015,2894
10/23/2015,2957
10/22/2015,2945
10/21/2015,3004
10/20/2015,2974
10/19/2015,3070
10/16/2015,3007
10/15/2015,3037
10/14/2015,3034
10/13/2015,3049
10/12/2015,3221
10/9/2015,3221
10/8/2015,3120
10/7/2015,3173
10/6/2015,3020
10/5/2015,2985
10/1/2015,2964
9/30/2015,2994
9/29/2015,2936
9/28/2015,3021
9/25/2015,2969
9/24/2015,2934
9/23/2015,3042
9/22/2015,3069
9/21/2015,2946
9/18/2015,3119
9/17/2015,3135
9/16/2015,2962
9/15/2015,2920
9/14/2015,2963
9/11/2015,3058
9/10/2015,2927
9/9/2015,3060
9/8/2015,3058
9/7/2015,3058
9/4/2015,3096
9/3/2015,3060
9/2/2015,3009
9/1/2015,3262
8/31/2015,2988
8/28/2015,2812
8/27/2015,2554
8/26/2015,2622
8/25/2015,2543
8/24/2015,2663
8/21/2015,2696
8/20/2015,2662
8/19/2015,2780
8/18/2015,2731
8/17/2015,2768
8/14/2015,2742
8/13/2015,2807
8/12/2015,2765
8/11/2015,2867
8/10/2015,2799
8/7/2015,2848
8/6/2015,2881
8/5/2015,2924
8/4/2015,2889
8/3/2015,3016
7/31/2015,3106
7/30/2015,3117
7/29/2015,3072
7/28/2015,3033
7/27/2015,3076
7/24/2015,3087
7/23/2015,3125
7/22/2015,3237
7/21/2015,3187
7/20/2015,3231
7/17/2015,3233
7/16/2015,3259
7/15/2015,3368
7/14/2015,3313
7/13/2015,3343
7/10/2015,3352
7/9/2015,3283
7/8/2015,3316
7/7/2015,3340
7/6/2015,3619
7/3/2015,3619
7/2/2015,3624
7/1/2015,3792
6/30/2015,3728
6/29/2015,3793
6/26/2015,3798
6/25/2015,3837
6/24/2015,3883
6/23/2015,3835
6/22/2015,3804
6/19/2015,3860
6/18/2015,3842
6/17/2015,3847
6/16/2015,3814
6/15/2015,3839
6/12/2015,3883
6/11/2015,3924
6/10/2015,3845
6/9/2015,3727
6/8/2015,3778
6/5/2015,3722
6/4/2015,3808
6/3/2015,3910
6/2/2015,3829
6/1/2015,3845
5/29/2015,3686
5/28/2015,3678
5/27/2015,3705
5/26/2015,3797
5/25/2015,3797
5/22/2015,3868
5/21/2015,3767
5/20/2015,3693
5/19/2015,3777
5/18/2015,3795
5/15/2015,3823
5/14/2015,3883
5/13/2015,3900
5/12/2015,3783
5/11/2015,3804
5/8/2015,3765
5/7/2015,3878
5/6/2015,3837
5/5/2015,3747
5/4/2015,3761
5/1/2015,3791
4/30/2015,3702
4/29/2015,3614
4/28/2015,3625
4/27/2015,3623
4/24/2015,3648
4/23/2015,3528
4/22/2015,3562
4/21/2015,3527
4/20/2015,3475
4/17/2015,3537
4/16/2015,3519
4/15/2015,3325
4/14/2015,3239
4/13/2015,3221
4/10/2015,3162
4/9/2015,3143
4/8/2015,3365
4/7/2015,3241
4/6/2015,3076
4/2/2015,3135
4/1/2015,2979
3/31/2015,3049
3/30/2015,3060
3/27/2015,3223
3/26/2015,3068
3/25/2015,2955
3/24/2015,2956
3/23/2015,2910
3/20/2015,2744
3/19/2015,2799
3/18/2015,2725
3/17/2015,2752
3/16/2015,2810
3/13/2015,2944
3/12/2015,3022
3/11/2015,3028
3/10/2015,3131
3/9/2015,3086
3/6/2015,3157
3/5/2015,3187
3/4/2015,3124
3/3/2015,3066
3/2/2015,3075
2/28/2015,3075
2/27/2015,2984
2/26/2015,3164
2/25/2015,3069
2/24/2015,3075
2/23/2015,3163
2/20/2015,3184
2/19/2015,3245
2/18/2015,3330
2/17/2015,3280
2/16/2015,3280
2/13/2015,3197
2/12/2015,3036
2/11/2015,3099
2/10/2015,3285
2/9/2015,3191
2/6/2015,3123
2/5/2015,2988
2/4/2015,3275
2/3/2015,3068
2/2/2015,2979
1/30/2015,2739
1/29/2015,2730
1/28/2015,2841
1/27/2015,2777
1/23/2015,2857
1/22/2015,2944
1/21/2015,2874
1/20/2015,3014
1/19/2015,3014
1/16/2015,2856
1/15/2015,3013
1/14/2015,2850
1/13/2015,2864
1/12/2015,3017
1/9/2015,3072
1/8/2015,3087
1/7/2015,3038
1/6/2015,3172
1/5/2015,3335
1/2/2015,3374
1/1/2015,3374
12/31/2014,3450
12/30/2014,3412
12/29/2014,3483
12/26/2014,3544
12/24/2014,3624
12/23/2014,3491
12/22/2014,3603
12/19/2014,3426
12/18/2014,3590
12/17/2014,3547
12/16/2014,3503
12/15/2014,3610
12/12/2014,3729
12/11/2014,3775
12/10/2014,3949
12/9/2014,3904
12/8/2014,4072
12/5/2014,4134
12/4/2014,4170
12/3/2014,4142
12/2/2014,4288
12/1/2014,4100
11/28/2014,4559
11/27/2014,4559
11/26/2014,4588
11/25/2014,4682
11/24/2014,4732
11/21/2014,4711
11/20/2014,4611
11/19/2014,4611
11/18/2014,4665
11/17/2014,4674
11/14/2014,4568
11/13/2014,4745
11/12/2014,4797
11/11/2014,4756
11/10/2014,4839
11/7/2014,4783
11/6/2014,4830
11/5/2014,4740
11/4/2014,4838
11/3/2014,4946
10/31/2014,4986
10/30/2014,5040
10/29/2014,4995
10/28/2014,4960
10/27/2014,4961
10/24/2014,5027
10/23/2014,4931
10/22/2014,5056
10/21/2014,5069
10/20/2014,5099
10/17/2014,5084
10/16/2014,4997
10/14/2014,5251
10/13/2014,5249
10/10/2014,5235
10/9/2014,5366
10/8/2014,5452
10/7/2014,5579
10/6/2014,5542
10/3/2014,5620
10/1/2014,5617
9/30/2014,5809
9/29/2014,5759
9/26/2014,5647
9/25/2014,5664
9/24/2014,5573
9/23/2014,5524
9/22/2014,5619
9/19/2014,5682
9/18/2014,5755
9/17/2014,5797
9/16/2014,5668
9/15/2014,5614
9/12/2014,5655
9/11/2014,5576
9/10/2014,5605
9/9/2014,5584
9/8/2014,5638
9/5/2014,5710
9/4/2014,5784
9/3/2014,5629
9/2/2014,5803
9/1/2014,5803
8/29/2014,5718
8/28/2014,5677
8/27/2014,5678
8/26/2014,5641
8/25/2014,5660
8/22/2014,5710
8/21/2014,5670
8/20/2014,5737
8/19/2014,5887
8/18/2014,5944
8/14/2014,5977
8/13/2014,5958
8/12/2014,5994
8/11/2014,6011
8/8/2014,5978
8/7/2014,5945
8/6/2014,5927
8/5/2014,5998
8/4/2014,5956
8/1/2014,5914
7/31/2014,6031
7/30/2014,6068
7/29/2014,6110
7/28/2014,6140
7/25/2014,6124
7/24/2014,6206
7/23/2014,6168
7/22/2014,6295
7/21/2014,6222
7/18/2014,6206
7/17/2014,6091
7/16/2014,6020
7/15/2014,6055
7/14/2014,6069
7/11/2014,6163
7/10/2014,6109
7/9/2014,6183
7/8/2014,6206
7/7/2014,6215
7/4/2014,6215
7/3/2014,6266
7/2/2014,6330
7/1/2014,6332
6/30/2014,6355
6/27/2014,6368
6/26/2014,6420
6/25/2014,6373
6/24/2014,6391
6/23/2014,6440
6/20/2014,6386
6/19/2014,6371
6/18/2014,6421
6/17/2014,6415
6/16/2014,6359
6/13/2014,6320
6/12/2014,6194
6/11/2014,6184
6/10/2014,6167
6/9/2014,6077
6/6/2014,6077
6/5/2014,6090
6/4/2014,6079
6/3/2014,6060
6/2/2014,6063
5/30/2014,6095
5/29/2014,6068
5/28/2014,6149
5/27/2014,6103
5/26/2014,6103
5/23/2014,6076
5/22/2014,6116
5/21/2014,6011
5/20/2014,5995
5/19/2014,6005
5/16/2014,6037
5/15/2014,6130
5/14/2014,6090
5/13/2014,6008
5/12/2014,6005
5/9/2014,6015
5/8/2014,6050
5/7/2014,5990
5/6/2014,5974
5/5/2014,6008
5/2/2014,5999
5/1/2014,6018
4/30/2014,6130
4/29/2014,6101
4/28/2014,6148
4/25/2014,6225
4/23/2014,6178
4/22/2014,6297
4/21/2014,6298
4/17/2014,6249
4/16/2014,6252
4/15/2014,6271
4/14/2014,6252
4/11/2014,6226
4/10/2014,6224
4/9/2014,6148
4/8/2014,6021
4/7/2014,6101
4/4/2014,6030
4/3/2014,5942
4/2/2014,5994
4/1/2014,6105
3/31/2014,6110
3/28/2014,6090
3/27/2014,6033
3/26/2014,6000
3/25/2014,6046
3/24/2014,6072
3/21/2014,6046
3/20/2014,6132
3/19/2014,6076
3/18/2014,6034
3/17/2014,6083
3/14/2014,5992
3/13/2014,5986
3/12/2014,6072
3/11/2014,6188
3/10/2014,6256
3/7/2014,6228
3/6/2014,6275
3/5/2014,6397
3/4/2014,6490
3/3/2014,6368
2/28/2014,6342
2/27/2014,6354
2/26/2014,6311
2/25/2014,6387
2/24/2014,6353
2/21/2014,6400
2/20/2014,6418
2/19/2014,6363
2/18/2014,6246
2/17/2014,6246
2/14/2014,6249
2/13/2014,6235
2/12/2014,6240
2/11/2014,6223
2/10/2014,6224
2/7/2014,6115
2/6/2014,6082
2/5/2014,6092
2/4/2014,6045
2/3/2014,6091
1/31/2014,6162
1/30/2014,6056
1/28/2014,6003
1/27/2014,6009
1/24/2014,6033
1/23/2014,5990
1/22/2014,5844
1/21/2014,5790
1/20/2014,5790
1/17/2014,5782
1/16/2014,5800
1/15/2014,5696
1/14/2014,5648
1/13/2014,5743
1/10/2014,5700
1/9/2014,5747
1/8/2014,5843
1/7/2014,5823
1/6/2014,5864
1/3/2014,5908
1/2/2014,6092
1/1/2014,6092
12/31/2013,6156
12/30/2013,6226
12/27/2013,6170
12/26/2013,6138
12/24/2013,6132
12/23/2013,6182
12/20/2013,6178
12/19/2013,6056
12/18/2013,6024
12/17/2013,6054
12/16/2013,6001
12/13/2013,6008
12/12/2013,5976
12/11/2013,6030
12/10/2013,5955
12/9/2013,6022
12/6/2013,6007
12/5/2013,6059
12/4/2013,5988
12/3/2013,5838
12/2/2013,5785
11/29/2013,5756
11/28/2013,5756
11/27/2013,5850
11/26/2013,5888
11/25/2013,5977
11/22/2013,6002
11/21/2013,5871
11/20/2013,5809
11/19/2013,5826
11/18/2013,5918
11/15/2013,5913
11/14/2013,5976
11/13/2013,5917
11/12/2013,6022
11/11/2013,5934
11/8/2013,5894
11/7/2013,5870
11/6/2013,5769
11/5/2013,5857
11/4/2013,5857
11/1/2013,5919
10/31/2013,5950
10/30/2013,6036
10/29/2013,6069
10/28/2013,6030
10/25/2013,5964
10/24/2013,5960
10/23/2013,6073
10/22/2013,6101
10/21/2013,6177
10/18/2013,6199
10/17/2013,6311
10/16/2013,6244
10/15/2013,6239
10/14/2013,6239
10/11/2013,6401
10/10/2013,6291
10/9/2013,6384
10/8/2013,6365
10/7/2013,6376
10/4/2013,6398
10/3/2013,6491
10/1/2013,6424
9/30/2013,6358
9/27/2013,6411
9/26/2013,6437
9/25/2013,6462
9/24/2013,6476
9/23/2013,6520
9/20/2013,6569
9/19/2013,6824
9/18/2013,6681
9/17/2013,6660
9/16/2013,6903
9/14/2013,6903
9/13/2013,6914
9/12/2013,6873
9/11/2013,6896
9/10/2013,7224
9/9/2013,7291
9/7/2013,7291
9/6/2013,7157
9/5/2013,7188
9/4/2013,7260
9/3/2013,7167
9/2/2013,7167
8/31/2013,7167
8/30/2013,7366
8/29/2013,7527
8/28/2013,7158
8/27/2013,6804
8/26/2013,6884
8/24/2013,6884
8/23/2013,6871
8/22/2013,6590
8/21/2013,6699
8/20/2013,6677
8/19/2013,6643
8/17/2013,6643
8/16/2013,6603
8/14/2013,6563
8/13/2013,6452
8/12/2013,6476
8/10/2013,6476
8/9/2013,6319
8/8/2013,6408
8/7/2013,6480
8/6/2013,6481
8/5/2013,6502
8/3/2013,6502
8/2/2013,6553
8/1/2013,6419
7/31/2013,6167
7/30/2013,6200
7/29/2013,6168
7/27/2013,6168
7/26/2013,6218
7/25/2013,6104
7/24/2013,6400
7/23/2013,6353
7/22/2013,6461
7/20/2013,6461
7/19/2013,6451
7/18/2013,6321
7/17/2013,6296
7/16/2013,6385
7/15/2013,6346
7/13/2013,6346
7/12/2013,6257
7/11/2013,6405
7/10/2013,6220
7/9/2013,6296
7/8/2013,6228
7/6/2013,6228
7/5/2013,6085
7/4/2013,6085
7/3/2013,5918
7/2/2013,5796
7/1/2013,5765
6/29/2013,5765
6/28/2013,5880
6/27/2013,5716
6/26/2013,5691
6/25/2013,5685
6/24/2013,5561
6/22/2013,5561
6/21/2013,5680
6/20/2013,5771
6/19/2013,5754
6/18/2013,5644
6/17/2013,5650
6/15/2013,5650
6/14/2013,5648
6/13/2013,5587
6/12/2013,5620
6/11/2013,5534
6/10/2013,5449
6/8/2013,5449
6/7/2013,5389
6/6/2013,5289
6/5/2013,5285
6/4/2013,5287
6/3/2013,5196
6/1/2013,5196
5/31/2013,5251
5/30/2013,5238
5/29/2013,5296
5/28/2013,5235
5/27/2013,5235
5/24/2013,5277
5/23/2013,5235
5/22/2013,5294
5/21/2013,5323
5/20/2013,5270
5/18/2013,5270
5/17/2013,5212
5/16/2013,5166
5/15/2013,5146
5/14/2013,5226
5/13/2013,5238
5/11/2013,5238
5/10/2013,5228
5/9/2013,5233
5/8/2013,5190
5/7/2013,5188
5/6/2013,5158
5/4/2013,5158
5/3/2013,5051
5/2/2013,4936
5/1/2013,5067
4/30/2013,5129
4/29/2013,5049
4/27/2013,5049
4/26/2013,5073
4/25/2013,4965
4/24/2013,4842
4/23/2013,4831
4/22/2013,4755
4/20/2013,4755
4/19/2013,4740
4/18/2013,4676
4/17/2013,4820
4/16/2013,4846
4/15/2013,4970
4/13/2013,4970
4/12/2013,5099
4/11/2013,5161
4/10/2013,5130
4/9/2013,5109
4/8/2013,5087
4/6/2013,5087
4/5/2013,5096
4/4/2013,5137
4/3/2013,5281
4/2/2013,5280
4/1/2013,5288
3/30/2013,5288
3/28/2013,5242
3/27/2013,5229
3/26/2013,5129
3/25/2013,5092
3/23/2013,5092
3/22/2013,5018
3/21/2013,5084
3/20/2013,5001
3/19/2013,5089
3/18/2013,5061
3/16/2013,5061
3/15/2013,5065
3/14/2013,5006
3/13/2013,5028
3/12/2013,4998
3/11/2013,5002
3/9/2013,5002
3/8/2013,5012
3/7/2013,4947
3/6/2013,4963
3/5/2013,4961
3/4/2013,4940
3/2/2013,4940
3/1/2013,4950
2/28/2013,4994
2/27/2013,5008
2/26/2013,5032
2/25/2013,5069
2/23/2013,5069
2/22/2013,5058
2/21/2013,5147
2/20/2013,5248
2/19/2013,5175
2/18/2013,5175
2/16/2013,5175
2/15/2013,5242
2/14/2013,5224
2/13/2013,5261
2/12/2013,5209
2/11/2013,5128
2/9/2013,5128
2/8/2013,5093
2/7/2013,5129
2/6/2013,5150
2/5/2013,5094
2/4/2013,5213
2/2/2013,5213
2/1/2013,5195
1/31/2013,5246
1/30/2013,5240
1/29/2013,5197
1/28/2013,5167
1/25/2013,5167
1/24/2013,5121
1/23/2013,5173
1/22/2013,5155
1/21/2013,5155
1/19/2013,5155
1/18/2013,5218
1/17/2013,5167
1/16/2013,5088
1/15/2013,5143
1/14/2013,5103
1/12/2013,5103
1/11/2013,5125
1/10/2013,5117
1/9/2013,5154
1/8/2013,5123
1/7/2013,5106
1/5/2013,5106
1/4/2013,5056
1/3/2013,5065
1/2/2013,5030
1/1/2013,5030
12/31/2012,4980
12/29/2012,4980
12/28/2012,4984
12/27/2012,5001
12/26/2012,4881
12/24/2012,4884
12/22/2012,4884
12/21/2012,4943
12/20/2012,4925
12/19/2012,4823
12/18/2012,4764
12/17/2012,4717
12/15/2012,4717
12/14/2012,4658
12/13/2012,4709
12/12/2012,4660
12/11/2012,4649
12/10/2012,4658
12/8/2012,4658
12/7/2012,4698
12/6/2012,4796
12/5/2012,4863
12/4/2012,4861
12/3/2012,4848
12/1/2012,4848
11/30/2012,4862
11/29/2012,4818
11/28/2012,4856
11/27/2012,4886
11/26/2012,4886
11/24/2012,4886
11/23/2012,4824
11/22/2012,4824
11/21/2012,4763
11/20/2012,4907
11/19/2012,4780
11/17/2012,4780
11/16/2012,4696
11/15/2012,4742
11/14/2012,4690
11/13/2012,4701
11/12/2012,4677
11/10/2012,4677
11/9/2012,4632
11/8/2012,4581
11/7/2012,4843
11/6/2012,4632
11/5/2012,4554
11/3/2012,4554
11/2/2012,4684
11/1/2012,4667
10/31/2012,4641
10/30/2012,4603
10/29/2012,4627
10/27/2012,4627
10/26/2012,4615
10/25/2012,4594
10/24/2012,4645
10/23/2012,4758
10/22/2012,4837
10/20/2012,4837
10/19/2012,4878
10/18/2012,4859
10/17/2012,4864
10/16/2012,4879
10/15/2012,4841
10/13/2012,4841
10/12/2012,4886
10/11/2012,4840
10/10/2012,4839
10/9/2012,4664
10/8/2012,4639
10/6/2012,4639
10/5/2012,4767
10/4/2012,4613
10/3/2012,4850
10/1/2012,4858
9/29/2012,4858
9/28/2012,4891
9/27/2012,4821
9/26/2012,4891
9/25/2012,4899
9/24/2012,5007
9/22/2012,5007
9/21/2012,5022
9/20/2012,4991
9/19/2012,5170
9/18/2012,5215
9/17/2012,5418
9/15/2012,5418
9/14/2012,5451
9/13/2012,5361
9/12/2012,5395
9/11/2012,5342
9/10/2012,5354
9/8/2012,5354
9/7/2012,5347
9/6/2012,5330
9/5/2012,5293
9/4/2012,5375
9/3/2012,5375
9/1/2012,5375
8/31/2012,5265
8/30/2012,5315
8/29/2012,5373
8/28/2012,5307
8/27/2012,5325
8/25/2012,5325
8/24/2012,5313
8/23/2012,5399
8/22/2012,5379
8/21/2012,5346
8/20/2012,5348
8/18/2012,5348
8/17/2012,5353
8/16/2012,5249
8/14/2012,5139
8/13/2012,5140
8/11/2012,5140
8/10/2012,5151
8/9/2012,5148
8/8/2012,5199
8/7/2012,5115
8/6/2012,5126
8/4/2012,5126
8/3/2012,4860
8/2/2012,4933
8/1/2012,4914
7/31/2012,4978
7/30/2012,4994
7/28/2012,4994
7/27/2012,5001
7/26/2012,5016
7/25/2012,4957
7/24/2012,4915
7/23/2012,5065
7/21/2012,5065
7/20/2012,5132
7/19/2012,4973
7/18/2012,4920
7/17/2012,4856
7/16/2012,4848
7/14/2012,4848
7/13/2012,4795
7/12/2012,4751
7/11/2012,4683
7/10/2012,4817
7/9/2012,4680
7/7/2012,4680
7/6/2012,4799
7/5/2012,4805
7/4/2012,4805
7/3/2012,4716
7/2/2012,4784
6/30/2012,4784
6/29/2012,4422
6/28/2012,4589
6/27/2012,4529
6/26/2012,4478
6/25/2012,4546
6/23/2012,4546
6/22/2012,4412
6/21/2012,4550
6/20/2012,4707
6/19/2012,4630
6/18/2012,4686
6/16/2012,4686
6/15/2012,4682
6/14/2012,4614
6/13/2012,4670
6/12/2012,4568
6/11/2012,4656
6/9/2012,4656
6/8/2012,4677
6/7/2012,4718
6/6/2012,4683
6/5/2012,4662
6/4/2012,4654
6/2/2012,4654
6/1/2012,4882
5/31/2012,4918
5/30/2012,5045
5/29/2012,5063
5/28/2012,5063
5/26/2012,5063
5/25/2012,5103
5/24/2012,5028
5/23/2012,5041
5/22/2012,5062
5/21/2012,5020
5/19/2012,5020
5/18/2012,5034
5/17/2012,5039
5/16/2012,5060
5/15/2012,5091
5/14/2012,5157
5/12/2012,5157
5/11/2012,5178
5/10/2012,5175
5/9/2012,5127
5/8/2012,5224
5/7/2012,5291
5/5/2012,5291
5/4/2012,5459
5/3/2012,5569
5/2/2012,5575
5/1/2012,5508
4/30/2012,5528
4/28/2012,5528
4/27/2012,5496
4/26/2012,5465
4/25/2012,5467
4/24/2012,5385
4/23/2012,5402
4/21/2012,5402
4/20/2012,5307
4/19/2012,5288
4/18/2012,5379
4/17/2012,5317
4/16/2012,5287
4/13/2012,5331
4/12/2012,5294
4/11/2012,5173
4/10/2012,5254
4/9/2012,5274
4/7/2012,5274
4/5/2012,5180
4/4/2012,5259
4/3/2012,5383
4/2/2012,5270
3/31/2012,5270
3/30/2012,5257
3/29/2012,5367
3/28/2012,5464
3/27/2012,5492
3/26/2012,5440
3/24/2012,5440
3/23/2012,5363
3/22/2012,5427
3/21/2012,5330
3/20/2012,5418
3/19/2012,5387
3/17/2012,5387
3/16/2012,5279
3/15/2012,5261
3/14/2012,5319
3/13/2012,5311
3/12/2012,5372
3/10/2012,5372
3/9/2012,5390
3/8/2012,5369
3/7/2012,5238
3/6/2012,5314
3/5/2012,5266
3/3/2012,5266
3/2/2012,5350
3/1/2012,5240
2/29/2012,5236
2/28/2012,5325
2/27/2012,5386
2/25/2012,5386
2/24/2012,5310
2/23/2012,5234
2/22/2012,5215
2/21/2012,5081
2/20/2012,5081
2/18/2012,5081
2/17/2012,5039
2/16/2012,5014
2/15/2012,4970
2/14/2012,4977
2/13/2012,4898
2/11/2012,4898
2/10/2012,4921
2/9/2012,4844
2/8/2012,4814
2/7/2012,4717
2/6/2012,4791
2/4/2012,4791
2/3/2012,4734
2/2/2012,4835
2/1/2012,4893
1/31/2012,4890
1/30/2012,4943
1/28/2012,4943
1/27/2012,4987
1/25/2012,4944
1/24/2012,5003
1/23/2012,4949
1/21/2012,4949
1/20/2012,5049
1/19/2012,5096
1/18/2012,5143
1/17/2012,5076
1/16/2012,5076
1/14/2012,5076
1/13/2012,5136
1/12/2012,5220
1/11/2012,5340
1/10/2012,5342
1/9/2012,5361
1/7/2012,5361
1/6/2012,5374
1/5/2012,5485
1/4/2012,5480
1/3/2012,5264
1/2/2012,5264
12/31/2011,5264
12/30/2011,5317
12/29/2011,5287
12/28/2011,5360
12/27/2011,5255
12/26/2011,5255
12/24/2011,5255
12/23/2011,5253
12/22/2011,5197
12/21/2011,5156
12/20/2011,4972
12/19/2011,4940
12/17/2011,4940
12/16/2011,5091
12/15/2011,5087
12/14/2011,5348
12/13/2011,5125
12/12/2011,5192
12/10/2011,5192
12/9/2011,5092
12/8/2011,5170
12/7/2011,5205
12/6/2011,5190
12/5/2011,5185
12/3/2011,5185
12/2/2011,5176
12/1/2011,5235
11/30/2011,5182
11/29/2011,5105
11/28/2011,5048
11/26/2011,5048
11/25/2011,5011
11/24/2011,5011
11/23/2011,5165
11/22/2011,5012
11/21/2011,5016
11/19/2011,5016
11/18/2011,5012
11/17/2011,5222
11/16/2011,5025
11/15/2011,4915
11/14/2011,4977
11/12/2011,4977
11/11/2011,4868
11/10/2011,4766
11/9/2011,4780
11/8/2011,4689
11/7/2011,4627
11/5/2011,4627
11/4/2011,4645
11/3/2011,4556
11/2/2011,4524
11/1/2011,4554
10/31/2011,4556
10/29/2011,4556
10/28/2011,4666
10/27/2011,4479
10/26/2011,4627
10/25/2011,4552
10/24/2011,4376
10/22/2011,4376
10/21/2011,4279
10/20/2011,4235
10/19/2011,4341
10/18/2011,4223
10/17/2011,4259
10/15/2011,4259
10/14/2011,4129
10/13/2011,4214
10/12/2011,4208
10/11/2011,4191
10/10/2011,4077
10/8/2011,4077
10/7/2011,4063
10/6/2011,3920
10/5/2011,3725
10/4/2011,3836
10/3/2011,3875
10/1/2011,3875
9/30/2011,4019
9/29/2011,3972
9/28/2011,4153
9/27/2011,3981
9/26/2011,3966
9/24/2011,3966
9/23/2011,3931
9/22/2011,4115
9/21/2011,4191
9/20/2011,4096
9/19/2011,4175
9/17/2011,4175
9/16/2011,4277
9/15/2011,4250
9/14/2011,4249
9/13/2011,4143
9/12/2011,4047
9/10/2011,4047
9/9/2011,4112
9/8/2011,4112
9/7/2011,3968
9/6/2011,3968
9/5/2011,3968
9/3/2011,3968
9/2/2011,4092
9/1/2011,4087
8/31/2011,4091
8/30/2011,4003
8/29/2011,3932
8/27/2011,3932
8/26/2011,3935
8/25/2011,3898
8/24/2011,3904
8/23/2011,3879
8/22/2011,3752
8/20/2011,3752
8/19/2011,3757
8/18/2011,3973
8/17/2011,3921
8/16/2011,3987
8/13/2011,3874
8/12/2011,3881
8/11/2011,3747
8/10/2011,3582
8/9/2011,3656
8/8/2011,3892
8/6/2011,3892
8/5/2011,3848
8/4/2011,4080
8/3/2011,4148
8/2/2011,4180
8/1/2011,4226
7/30/2011,4226
7/29/2011,4300
7/28/2011,4281
7/27/2011,4411
7/26/2011,4406
7/25/2011,4432
7/23/2011,4432
7/22/2011,4405
7/21/2011,4375
7/20/2011,4347
7/19/2011,4276
7/18/2011,4330
7/16/2011,4330
7/15/2011,4261
7/14/2011,4372
7/13/2011,4354
7/12/2011,4222
7/11/2011,4264
7/9/2011,4264
7/8/2011,4383
7/7/2011,4290
7/6/2011,4311
7/5/2011,4233
7/4/2011,4233
7/2/2011,4233
7/1/2011,4267
6/30/2011,4259
6/29/2011,4185
6/28/2011,4087
6/27/2011,4097
6/25/2011,4097
6/24/2011,4090
6/23/2011,4276
6/22/2011,4229
6/21/2011,4196
6/20/2011,4179
6/18/2011,4179
6/17/2011,4263
6/16/2011,4236
6/15/2011,4449
6/14/2011,4366
6/13/2011,4440
6/11/2011,4440
6/10/2011,4558
6/9/2011,4494
6/8/2011,4433
6/7/2011,4428
6/6/2011,4495
6/4/2011,4495
6/3/2011,4512
6/2/2011,4502
6/1/2011,4625
5/31/2011,4548
5/30/2011,4548
5/28/2011,4548
5/27/2011,4539
5/26/2011,4598
5/25/2011,4506
5/24/2011,4424
5/23/2011,4497
5/21/2011,4497
5/20/2011,4428
5/19/2011,4513
5/18/2011,4368
5/17/2011,4388
5/16/2011,4475
5/14/2011,4475
5/13/2011,4433
5/12/2011,4389
5/11/2011,4647
5/10/2011,4584
5/9/2011,4352
5/7/2011,4352
5/6/2011,4448
5/5/2011,4871
5/4/2011,4924
5/3/2011,5029
5/2/2011,5056
4/30/2011,5056
4/29/2011,5003
4/28/2011,5007
4/27/2011,5003
4/26/2011,4991
4/25/2011,4974
4/23/2011,4974
4/21/2011,4946
4/20/2011,4838
4/19/2011,4742
4/18/2011,4809
4/15/2011,4809
4/14/2011,4764
4/13/2011,4696
4/12/2011,4858
4/11/2011,4967
4/9/2011,4967
4/8/2011,4877
4/7/2011,4810
4/6/2011,4816
4/5/2011,4843
4/4/2011,4820
4/2/2011,4820
4/1/2011,4765
3/31/2011,4668
3/30/2011,4681
3/29/2011,4656
3/28/2011,4706
3/26/2011,4706
3/25/2011,4728
3/24/2011,4755
3/23/2011,4721
3/22/2011,4610
3/21/2011,4557
3/19/2011,4557
3/18/2011,4588
3/17/2011,4427
3/16/2011,4399
3/15/2011,4569
3/14/2011,4573
3/12/2011,4573
3/11/2011,4633
3/10/2011,4699
3/9/2011,4759
3/8/2011,4759
3/7/2011,4698
3/5/2011,4698
3/4/2011,4582
3/3/2011,4613
3/2/2011,4495
3/1/2011,4381
2/28/2011,4441
2/26/2011,4441
2/25/2011,4414
2/24/2011,4434
2/23/2011,4313
2/22/2011,3895
2/21/2011,3895
2/19/2011,3895
2/18/2011,3919
2/17/2011,3863
2/16/2011,3832
2/15/2011,3859
2/14/2011,3916
2/12/2011,3916
2/11/2011,3953
2/10/2011,3931
2/9/2011,3946
2/8/2011,3929
2/7/2011,4063
2/5/2011,4063
2/4/2011,4131
2/3/2011,4146
2/2/2011,4158
2/1/2011,4236
1/31/2011,4086
1/29/2011,4086
1/28/2011,3903
1/27/2011,3976
1/25/2011,4005
1/24/2011,4072
1/22/2011,4072
1/21/2011,4084
1/20/2011,4123
1/19/2011,4161
1/18/2011,4147
1/17/2011,4147
1/15/2011,4147
1/14/2011,4125
1/13/2011,4139
1/12/2011,4133
1/11/2011,4089
1/10/2011,3994
1/8/2011,3994
1/7/2011,4004
1/6/2011,4082
1/5/2011,4008
1/4/2011,4090
1/3/2011,4095
1/1/2011,4095
12/31/2010,4034
12/30/2010,4111
12/29/2010,4133
12/28/2010,4109
12/27/2010,4120
12/24/2010,4120
12/23/2010,4083
12/22/2010,4065
12/21/2010,4056
12/20/2010,3995
12/18/2010,3995
12/17/2010,3981
12/16/2010,4016
12/15/2010,3973
12/14/2010,4010
12/13/2010,3970
12/11/2010,3970
12/10/2010,3992
12/9/2010,3983
12/8/2010,3977
12/7/2010,4009
12/6/2010,4022
12/4/2010,4022
12/3/2010,3993
12/2/2010,3932
12/1/2010,3906
11/30/2010,3911
11/29/2010,3831
11/27/2010,3831
11/26/2010,3829
11/25/2010,3829
11/24/2010,3706
11/23/2010,3702
11/22/2010,3710
11/20/2010,3710
11/19/2010,3720
11/18/2010,3637
11/16/2010,3831
11/15/2010,3789
11/13/2010,3789
11/12/2010,3886
11/11/2010,3898
11/10/2010,3850
11/9/2010,3853
11/8/2010,3849
11/6/2010,3849
11/5/2010,3833
11/4/2010,3757
11/3/2010,3728
11/2/2010,3685
11/1/2010,3627
10/30/2010,3627
10/29/2010,3656
10/28/2010,3648
10/27/2010,3668
10/26/2010,3661
10/25/2010,3665
10/23/2010,3632
10/22/2010,3574
10/21/2010,3656
10/20/2010,3534
10/19/2010,3677
10/18/2010,3577
10/16/2010,3577
10/15/2010,3653
10/14/2010,3694
10/13/2010,3654
10/12/2010,3642
10/11/2010,3668
10/9/2010,3668
10/8/2010,3616
10/7/2010,3687
10/6/2010,3704
10/5/2010,3615
10/4/2010,3645
10/1/2010,3592
9/30/2010,3563
9/29/2010,3422
9/28/2010,3446
9/27/2010,3483
9/25/2010,3483
9/24/2010,3427
9/23/2010,3402
9/22/2010,3428
9/21/2010,3414
9/20/2010,3386
9/18/2010,3386
9/17/2010,3428
9/16/2010,3465
9/15/2010,3467
9/14/2010,3575
9/13/2010,3605
9/10/2010,3528
9/9/2010,3529
9/8/2010,3459
9/7/2010,3429
9/6/2010,3482
9/4/2010,3482
9/3/2010,3509
9/2/2010,3464
9/1/2010,3386
8/31/2010,3499
8/30/2010,3522
8/28/2010,3522
8/27/2010,3434
8/26/2010,3403
8/25/2010,3352
8/24/2010,3407
8/23/2010,3439
8/21/2010,3439
8/20/2010,3471
8/19/2010,3518
8/18/2010,3537
8/17/2010,3552
8/16/2010,3517
8/14/2010,3512
8/13/2010,3525
8/12/2010,3590
8/11/2010,3678
8/10/2010,3690
8/9/2010,3733
8/7/2010,3714
8/6/2010,3756
8/5/2010,3783
8/4/2010,3813
8/3/2010,3791
8/2/2010,3716
7/31/2010,3668
7/30/2010,3654
7/29/2010,3669
7/28/2010,3587
7/27/2010,3701
7/26/2010,3690
7/24/2010,3712
7/23/2010,3713
7/22/2010,3617
7/21/2010,3678
7/20/2010,3604
7/19/2010,3557
7/17/2010,3557
7/16/2010,3569
7/15/2010,3537
7/14/2010,3574
7/13/2010,3616
7/12/2010,3545
7/10/2010,3557
7/9/2010,3530
7/8/2010,3542
7/7/2010,3443
7/6/2010,3426
7/5/2010,3367
7/3/2010,3367
7/2/2010,3412
7/1/2010,3455
6/30/2010,3559
6/29/2010,3516
6/28/2010,3609
6/26/2010,3670
6/25/2010,3538
6/24/2010,3536
6/23/2010,3584
6/22/2010,3552
6/21/2010,3590
6/19/2010,3561
6/18/2010,3510
6/17/2010,3600
6/16/2010,3548
6/15/2010,3544
6/14/2010,3529
6/12/2010,3454
6/11/2010,3467
6/10/2010,3574
6/9/2010,3382
6/8/2010,3382
6/7/2010,3393
6/5/2010,3337
6/4/2010,3415
6/3/2010,3401
6/2/2010,3398
6/1/2010,3401
5/31/2010,3436
5/29/2010,3443
5/28/2010,3461
5/26/2010,3345
5/25/2010,3277
5/24/2010,3288
5/22/2010,3288
5/21/2010,3310
5/20/2010,3214
5/19/2010,3162
5/18/2010,3268
5/17/2010,3230
5/15/2010,3230
5/14/2010,3317
5/13/2010,3341
5/12/2010,3466
5/11/2010,3437
5/10/2010,3465
5/8/2010,3424
5/7/2010,3501
5/6/2010,3567
5/5/2010,3564
5/4/2010,3734
5/3/2010,3831
4/30/2010,3816
4/29/2010,3777
4/28/2010,3675
4/27/2010,3697
4/26/2010,3767
4/24/2010,3791
4/23/2010,3720
4/22/2010,3716
4/21/2010,3741
4/20/2010,3633
4/19/2010,3703
4/17/2010,3703
4/16/2010,3795
4/15/2010,3808
4/13/2010,3736
4/12/2010,3766
4/10/2010,3766
4/9/2010,3804
4/8/2010,3792
4/7/2010,3837
4/6/2010,3859
4/5/2010,3836
4/3/2010,3831
4/1/2010,3827
3/31/2010,3768
3/30/2010,3692
3/29/2010,3636
3/27/2010,3627
3/26/2010,3675
3/25/2010,3687
3/24/2010,3732
3/23/2010,3712
3/22/2010,3669
3/20/2010,3669
3/19/2010,3739
3/18/2010,3766
3/17/2010,3724
3/16/2010,3637
3/15/2010,3638
3/13/2010,3692
3/12/2010,3766
3/11/2010,3707
3/10/2010,3685
3/9/2010,3671
3/8/2010,3721
3/6/2010,3731
3/5/2010,3721
3/4/2010,3683
3/3/2010,3683
3/2/2010,3641
2/27/2010,3683
2/26/2010,3640
2/25/2010,3609
2/24/2010,3638
2/23/2010,3707
2/22/2010,3698
2/20/2010,3709
2/19/2010,3689
2/18/2010,3553
2/17/2010,3547
2/16/2010,3536
2/15/2010,3444
2/13/2010,3444
2/12/2010,3438
2/11/2010,3459
2/10/2010,3428
2/9/2010,3387
2/8/2010,3337
2/6/2010,3315
2/5/2010,3405
2/4/2010,3496
2/3/2010,3548
2/2/2010,3485
2/1/2010,3402
1/30/2010,3380
1/29/2010,3450
1/28/2010,3433
1/27/2010,3449
1/25/2010,3442
1/23/2010,3442
1/22/2010,3497
1/21/2010,3572
1/20/2010,3605
1/19/2010,3562
1/18/2010,3562
1/16/2010,3562
1/15/2010,3588
1/14/2010,3614
1/13/2010,3668
1/12/2010,3743
1/11/2010,3773
1/9/2010,3790
1/8/2010,3765
1/7/2010,3798
1/6/2010,3768
1/5/2010,3781
1/4/2010,3783
1/2/2010,3705
1/1/2010,3705
12/31/2009,3726
12/30/2009,3686
12/29/2009,3678
12/28/2009,3676
12/26/2009,3650
12/24/2009,3592
12/23/2009,3482
12/22/2009,3450
12/21/2009,3437
12/19/2009,3437
12/18/2009,3490
12/17/2009,3392
12/16/2009,3322
12/15/2009,3254
12/14/2009,3230
12/12/2009,3250
12/11/2009,3275
12/10/2009,3319
12/9/2009,3402
12/8/2009,3411
12/7/2009,3464
12/5/2009,3490
12/4/2009,3531
12/3/2009,3563
12/2/2009,3593
12/1/2009,3632
11/30/2009,3513
11/27/2009,3461
11/26/2009,3613
11/25/2009,3472
11/24/2009,3561
11/23/2009,3649
11/21/2009,3609
11/20/2009,3595
11/19/2009,3681
11/18/2009,3675
11/17/2009,3637
11/16/2009,3550
11/14/2009,3550
11/13/2009,3578
11/12/2009,3692
11/11/2009,3678
11/10/2009,3700
11/9/2009,3684
11/7/2009,3625
11/6/2009,3626
11/5/2009,3782
11/4/2009,3784
11/3/2009,3616
11/2/2009,3633
10/31/2009,3616
10/30/2009,3713
10/29/2009,3732
10/28/2009,3709
10/27/2009,3719
10/26/2009,3768
10/24/2009,3739
10/23/2009,3761
10/22/2009,3735
10/21/2009,3626
10/20/2009,3664
10/19/2009,3629
10/17/2009,3634
10/16/2009,3593
10/15/2009,3461
10/14/2009,3454
10/13/2009,3444
10/12/2009,3337
10/10/2009,3337
10/9/2009,3301
10/8/2009,3253
10/7/2009,3330
10/6/2009,3368
10/5/2009,3262
10/3/2009,3348
10/1/2009,3411
9/30/2009,3233
9/29/2009,3207
9/26/2009,3168
9/25/2009,3169
9/24/2009,3308
9/23/2009,3457
9/18/2009,3475
9/17/2009,3461
9/16/2009,3431
9/15/2009,3370
9/14/2009,3361
9/12/2009,3361
9/11/2009,3497
9/10/2009,3464
9/9/2009,3467
9/8/2009,3442
9/7/2009,3325
9/5/2009,3325
9/4/2009,3290
9/3/2009,3352
9/2/2009,3309
9/1/2009,3415
8/31/2009,3463
8/29/2009,3555
8/28/2009,3551
8/27/2009,3488
8/26/2009,3487
8/25/2009,3607
8/24/2009,3579
8/22/2009,3601
8/21/2009,3577
8/20/2009,3531
8/19/2009,3345
8/18/2009,3227
8/17/2009,3223
8/14/2009,3395
8/13/2009,3392
8/12/2009,3329
8/11/2009,3375
8/10/2009,3395
8/8/2009,3395
8/7/2009,3472
8/6/2009,3407
8/5/2009,3411
8/4/2009,3378
8/3/2009,3396
8/1/2009,3345
7/31/2009,3142
7/30/2009,3144
7/29/2009,3153
7/28/2009,3275
7/27/2009,3302
7/25/2009,3292
7/24/2009,3253
7/23/2009,3163
7/22/2009,3167
7/21/2009,3162
7/20/2009,3144
7/18/2009,3144
7/17/2009,3028
7/16/2009,2961
7/15/2009,2964
7/14/2009,2967
7/13/2009,2928
7/11/2009,2916
7/10/2009,2870
7/9/2009,2999
7/8/2009,3037
7/7/2009,3098
7/6/2009,3076
7/4/2009,3189
7/3/2009,3189
7/2/2009,3209
7/1/2009,3346
6/30/2009,3403
6/29/2009,3355
6/27/2009,3355
6/26/2009,3408
6/25/2009,3328
6/24/2009,3387
6/23/2009,3296
6/22/2009,3370
6/20/2009,3370
6/19/2009,3467
6/18/2009,3408
6/17/2009,3350
6/16/2009,3460
6/15/2009,3436
6/13/2009,3415
6/12/2009,3379
6/11/2009,3388
6/10/2009,3356
6/9/2009,3304
6/8/2009,3205
6/6/2009,3222
6/5/2009,3261
6/4/2009,3208
6/3/2009,3178
6/2/2009,3210
6/1/2009,3184
5/30/2009,3136
5/29/2009,3123
5/28/2009,3048
5/27/2009,2997
5/26/2009,2910
5/25/2009,2910
5/23/2009,2910
5/22/2009,2889
5/21/2009,2854
5/20/2009,2854
5/19/2009,2809
5/18/2009,2799
5/16/2009,2792
5/15/2009,2859
5/14/2009,2848
5/13/2009,2908
5/12/2009,2945
5/11/2009,2824
5/8/2009,2873
5/7/2009,2886
5/6/2009,2725
5/5/2009,2711
5/4/2009,2622
5/1/2009,2608
4/29/2009,2540
4/28/2009,2463
4/27/2009,2426
4/25/2009,2574
4/24/2009,2492
4/23/2009,2452
4/22/2009,2445
4/21/2009,2423
4/20/2009,2608
4/18/2009,2608
4/17/2009,2581
4/16/2009,2457
4/15/2009,2460
4/13/2009,2607
4/11/2009,2607
4/9/2009,2603
4/8/2009,2426
4/7/2009,2500
4/6/2009,2561
4/4/2009,2641
4/3/2009,2616
4/2/2009,2610
4/1/2009,2456
3/31/2009,2473
3/30/2009,2574
3/28/2009,2647
3/27/2009,2658
3/26/2009,2744
3/25/2009,2647
3/24/2009,2646
3/23/2009,2590
3/21/2009,2611
3/20/2009,2551
3/19/2009,2642
3/18/2009,2509
3/17/2009,2396
3/16/2009,2314
3/14/2009,2390
3/13/2009,2412
3/12/2009,2244
3/11/2009,2307
3/10/2009,2459
3/9/2009,2370
3/7/2009,2345
3/6/2009,2295
3/5/2009,2278
3/4/2009,2299
3/3/2009,2162
3/2/2009,2194
2/28/2009,2271
2/27/2009,2196
2/26/2009,2203
2/25/2009,1966
2/24/2009,1916
2/23/2009,2010
2/21/2009,1995
2/20/2009,2003
2/19/2009,1865
2/18/2009,1895
2/17/2009,1827
2/16/2009,1827
2/14/2009,1827
2/13/2009,1695
2/12/2009,1708
2/11/2009,1847
2/10/2009,2004
2/9/2009,1990
2/7/2009,1957
2/6/2009,2010
2/5/2009,1958
2/4/2009,2017
2/3/2009,1971
2/2/2009,1975
1/31/2009,2043
1/30/2009,2116
1/29/2009,1978
1/28/2009,2054
1/27/2009,2186
1/24/2009,2286
1/23/2009,2032
1/22/2009,2043
1/21/2009,2001
1/20/2009,2067
1/19/2009,2076
1/17/2009,2076
1/16/2009,1743
1/15/2009,1792
1/14/2009,1834
1/13/2009,1860
1/12/2009,1863
1/10/2009,1997
1/9/2009,2017
1/8/2009,2039
1/7/2009,2350
1/6/2009,2449
1/5/2009,2225
1/3/2009,2266
1/2/2009,2112
1/1/2009,2161
12/31/2008,1833
12/30/2008,1902
12/29/2008,1924
12/27/2008,1806
12/26/2008,1732
12/24/2008,1890
12/23/2008,1891
12/22/2008,1994
12/20/2008,1994
12/19/2008,1970
12/18/2008,2111
12/17/2008,2233
12/16/2008,2174
12/15/2008,2385
12/13/2008,2254
12/12/2008,2151
12/11/2008,2193
12/10/2008,2191
12/9/2008,2118
12/8/2008,2153
12/6/2008,2028
12/5/2008,2119
12/4/2008,2307
12/3/2008,2347
12/2/2008,2486
12/1/2008,2546
11/29/2008,2713
11/28/2008,2661
11/26/2008,2626
11/25/2008,2730
11/24/2008,2528
11/22/2008,2498
11/21/2008,2472
11/20/2008,2566
11/19/2008,2693
11/18/2008,2721
11/17/2008,2821
11/15/2008,2821
11/14/2008,2812
11/13/2008,2758
11/12/2008,2870
11/11/2008,2889
11/10/2008,3083
11/8/2008,2915
11/7/2008,2904
11/6/2008,3037
11/5/2008,3228
11/4/2008,3204
11/3/2008,3200
11/1/2008,3340
10/31/2008,3162
10/30/2008,3392
10/29/2008,3310
10/28/2008,3233
10/27/2008,3154
10/25/2008,3204
10/24/2008,3125
10/23/2008,3329
10/22/2008,3359
10/21/2008,3486
10/20/2008,3569
10/18/2008,3511
10/17/2008,3423
10/16/2008,3629
10/15/2008,3695
10/14/2008,3988
10/13/2008,3949
10/11/2008,3786
10/10/2008,3990
10/9/2008,4337
10/8/2008,4301
10/7/2008,4354
10/6/2008,4272
10/4/2008,4401
10/3/2008,4388
10/1/2008,4642
9/30/2008,4650
9/29/2008,4672
9/27/2008,4963
9/26/2008,4917
9/25/2008,4855
9/24/2008,4929
9/23/2008,4933
9/22/2008,4826
9/20/2008,4843
9/19/2008,4731
9/18/2008,4676
9/17/2008,4335
9/16/2008,4246
9/15/2008,4383
9/13/2008,4631
9/12/2008,4641
9/11/2008,4664
9/10/2008,4656
9/9/2008,4681
9/8/2008,4833
9/6/2008,4713
9/5/2008,4775
9/4/2008,4845
9/3/2008,4792
9/2/2008,4717
9/1/2008,5056
8/30/2008,5056
8/29/2008,5186
8/28/2008,5227
8/27/2008,5208
8/26/2008,5112
8/25/2008,5006
8/23/2008,4956
8/22/2008,5164
8/21/2008,5207
8/20/2008,5079
8/19/2008,4848
8/18/2008,4916
8/16/2008,4872
8/14/2008,4950
8/13/2008,4841
8/12/2008,4907
8/11/2008,4832
8/9/2008,4861
8/8/2008,4956
8/7/2008,5066
8/6/2008,5000
8/5/2008,5062
8/4/2008,5263
8/2/2008,5300
8/1/2008,5252
7/31/2008,5403
7/30/2008,5167
7/29/2008,5266
7/28/2008,5247
7/26/2008,5171
7/25/2008,5263
7/24/2008,5225
7/23/2008,5342
7/22/2008,5547
7/21/2008,5560
7/19/2008,5513
7/18/2008,5536
7/17/2008,5768
7/16/2008,5972
7/15/2008,6299
7/14/2008,6211
7/12/2008,6198
7/11/2008,6250
7/10/2008,5900
7/9/2008,5929
7/8/2008,6027
7/7/2008,6161
7/5/2008,6291
7/4/2008,6291
7/3/2008,6231
7/2/2008,6097
7/1/2008,6173
6/30/2008,6107
6/28/2008,6000
6/27/2008,5986
6/26/2008,5891
6/25/2008,5831
6/24/2008,5844
6/23/2008,5785
6/21/2008,5785
6/20/2008,5821
6/19/2008,5899
6/18/2008,5785
6/17/2008,5716
6/16/2008,5958
6/14/2008,5781
6/13/2008,5818
6/12/2008,5713
6/11/2008,5735
6/10/2008,5876
6/9/2008,5866
6/7/2008,5928
6/6/2008,5655
6/5/2008,5265
6/4/2008,5305
6/3/2008,5355
6/2/2008,5310
5/31/2008,5424
5/30/2008,5440
5/29/2008,5502
5/28/2008,5446
5/27/2008,5631
5/26/2008,5637
5/24/2008,5637
5/23/2008,5619
5/22/2008,5700
5/21/2008,5515
5/20/2008,5446
5/17/2008,5385
5/16/2008,5420
5/15/2008,5332
5/14/2008,5304
5/13/2008,5178
5/12/2008,5175
5/10/2008,5212
5/9/2008,5193
5/8/2008,5160
5/7/2008,5012
5/6/2008,4885
5/5/2008,4724
5/3/2008,4728
5/2/2008,4599
4/30/2008,4718
4/29/2008,4668
4/28/2008,4749
4/26/2008,4810
4/25/2008,4777
4/24/2008,4692
4/23/2008,4724
4/22/2008,4679
4/21/2008,4652
4/19/2008,4661
4/17/2008,4593
4/16/2008,4546
4/15/2008,4535
4/14/2008,4437
4/12/2008,4399
4/11/2008,4397
4/10/2008,4424
4/9/2008,4346
4/8/2008,4329
4/7/2008,4303
4/5/2008,4246
4/4/2008,4186
4/3/2008,4137
4/2/2008,4038
4/1/2008,4002
3/31/2008,4226
3/29/2008,4235
3/28/2008,4254
3/27/2008,4221
3/26/2008,4109
3/25/2008,4062
3/24/2008,4133
3/20/2008,4051
3/19/2008,4310
3/18/2008,4392
3/17/2008,4309
3/15/2008,4458
3/14/2008,4437
3/13/2008,4441
3/12/2008,4383
3/11/2008,4383
3/10/2008,4254
3/8/2008,4262
3/7/2008,4265
3/6/2008,4201
3/5/2008,4075
3/4/2008,4156
3/3/2008,4164
3/1/2008,4065
2/29/2008,4062
2/28/2008,4009
2/27/2008,4005
2/26/2008,3947
2/25/2008,3965
2/23/2008,3956
2/22/2008,3959
2/21/2008,3971
2/20/2008,3981
2/19/2008,3922
2/18/2008,3788
2/16/2008,3788
2/15/2008,3824
2/14/2008,3735
2/13/2008,3664
2/12/2008,3668
2/11/2008,3645
2/9/2008,3630
2/8/2008,3529
2/7/2008,3414
2/6/2008,3502
2/5/2008,3492
2/4/2008,3522
2/2/2008,3501
2/1/2008,3574
1/31/2008,3584
1/30/2008,3627
1/29/2008,3597
1/28/2008,3538
1/25/2008,3573
1/24/2008,3489
1/23/2008,3490
1/22/2008,3557
1/21/2008,3557
1/19/2008,3557
1/18/2008,3579
1/17/2008,3613
1/16/2008,3593
1/15/2008,3650
1/14/2008,3689
1/12/2008,3642
1/11/2008,3680
1/10/2008,3677
1/9/2008,3795
1/8/2008,3793
1/7/2008,3851
1/5/2008,3850
1/4/2008,3888
1/3/2008,3917
1/2/2008,3862
1/1/2008,3783
12/31/2007,3786
12/29/2007,3786
12/28/2007,3822
12/27/2007,3803
12/26/2007,3736
12/24/2007,3690
12/22/2007,3690
12/21/2007,3617
12/20/2007,3593
12/19/2007,3573
12/18/2007,3659
12/17/2007,3551
12/15/2007,3591
12/14/2007,3632
12/13/2007,3715
12/12/2007,3543
12/11/2007,3460
12/10/2007,3479
12/8/2007,3476
12/7/2007,3462
12/6/2007,3412
12/5/2007,3482
12/4/2007,3513
12/3/2007,3483
12/1/2007,3519
11/30/2007,3527
11/29/2007,3675
11/28/2007,3768
11/27/2007,3770
11/26/2007,3881
11/23/2007,3838
11/22/2007,3862
11/21/2007,3911
11/20/2007,3797
11/19/2007,3742
11/17/2007,3742
11/16/2007,3739
11/15/2007,3677
11/14/2007,3645
11/13/2007,3693
11/12/2007,3703
11/10/2007,3789
11/9/2007,3755
11/8/2007,3822
11/7/2007,3833
11/6/2007,3771
11/5/2007,3698
11/3/2007,3777
11/2/2007,3536
11/1/2007,3679
10/31/2007,3561
10/30/2007,3618
10/29/2007,3629
10/27/2007,3629
10/26/2007,3670
10/25/2007,3526
10/24/2007,3436
10/23/2007,3484
10/22/2007,3525
10/20/2007,3525
10/19/2007,3493
10/18/2007,3468
10/17/2007,3444
10/16/2007,3386
10/15/2007,3292
10/13/2007,3292
10/12/2007,3272
10/11/2007,3228
10/10/2007,3151
10/9/2007,3130
10/8/2007,3156
10/6/2007,3207
10/5/2007,3192
10/4/2007,3132
10/3/2007,3204
10/1/2007,3226
9/29/2007,3245
9/28/2007,3294
9/27/2007,3188
9/26/2007,3240
9/25/2007,3291
9/24/2007,3326
9/22/2007,3326
9/21/2007,3325
9/20/2007,3299
9/19/2007,3308
9/18/2007,3261
9/17/2007,3200
9/14/2007,3239
9/13/2007,3236
9/12/2007,3175
9/11/2007,3148
9/10/2007,3122
9/8/2007,3122
9/7/2007,3117
9/6/2007,3100
9/5/2007,3070
9/4/2007,3033
9/3/2007,3033
9/1/2007,3033
8/31/2007,3041
8/30/2007,3002
8/29/2007,2974
8/28/2007,2952
8/27/2007,2908
8/25/2007,2938
8/24/2007,2877
8/23/2007,2857
8/22/2007,2870
8/21/2007,2901
8/20/2007,2954
8/18/2007,2992
8/17/2007,2998
8/16/2007,2942
8/14/2007,2935
8/13/2007,2935
8/11/2007,2907
8/10/2007,2862
8/9/2007,2860
8/8/2007,2924
8/7/2007,2909
8/6/2007,3016
8/4/2007,3046
8/3/2007,3108
8/2/2007,3083
8/1/2007,3157
7/31/2007,3126
7/30/2007,3119
7/28/2007,3118
7/27/2007,3049
7/26/2007,3107
7/25/2007,2967
7/24/2007,2976
7/23/2007,3034
7/21/2007,3048
7/20/2007,3065
7/19/2007,3058
7/18/2007,3006
7/17/2007,3017
7/16/2007,2975
7/14/2007,2992
7/13/2007,2956
7/12/2007,2960
7/11/2007,2928
7/10/2007,2914
7/9/2007,2944
7/7/2007,2946
7/6/2007,2938
7/5/2007,2913
7/4/2007,2898
7/3/2007,2877
7/2/2007,2851
6/30/2007,2880
6/29/2007,2861
6/28/2007,2840
6/27/2007,2759
6/26/2007,2819
6/25/2007,2757
6/23/2007,2805
6/22/2007,2793
6/21/2007,2832
6/20/2007,2812
6/19/2007,2808
6/18/2007,2770
6/16/2007,2786
6/15/2007,2775
6/14/2007,2708
6/13/2007,2667
6/12/2007,2666
6/11/2007,2654
6/9/2007,2654
6/8/2007,2696
6/7/2007,2680
6/6/2007,2662
6/5/2007,2673
6/4/2007,2627
6/2/2007,2638
6/1/2007,2609
5/31/2007,2578
5/30/2007,2573
5/29/2007,2601
5/28/2007,2629
5/26/2007,2629
5/25/2007,2609
5/24/2007,2631
5/23/2007,2636
5/22/2007,2691
5/21/2007,2641
5/19/2007,2656
5/18/2007,2649
5/17/2007,2555
5/16/2007,2563
5/15/2007,2556
5/14/2007,2578
5/12/2007,2578
5/11/2007,2580
5/10/2007,2548
5/9/2007,2545
5/8/2007,2514
5/7/2007,2481
5/5/2007,2533
5/4/2007,2583
5/3/2007,2611
5/2/2007,2651
5/1/2007,2709
4/30/2007,2728
4/28/2007,2730
4/27/2007,2663
4/26/2007,2658
4/25/2007,2619
4/24/2007,2723
4/23/2007,2649
4/21/2007,2661
4/20/2007,2625
4/19/2007,2645
4/18/2007,2633
4/17/2007,2682
4/16/2007,2720
4/13/2007,2735
4/12/2007,2692
4/11/2007,2652
4/10/2007,2638
4/9/2007,2727
4/7/2007,2774
4/6/2007,2774
4/5/2007,2762
4/4/2007,2788
4/3/2007,2806
4/2/2007,2870
3/30/2007,2864
3/29/2007,2797
3/28/2007,2770
3/27/2007,2725
3/26/2007,2720
3/24/2007,2689
3/23/2007,2672
3/22/2007,2587
3/21/2007,2504
3/20/2007,2498
3/19/2007,2507
3/17/2007,2523
3/16/2007,2549
3/15/2007,2577
3/14/2007,2562
3/13/2007,2605
3/12/2007,2658
3/9/2007,2729
3/8/2007,2758
3/7/2007,2711
3/6/2007,2703
3/5/2007,2677
3/3/2007,2729
3/2/2007,2743
3/1/2007,2739
2/28/2007,2723
2/27/2007,2657
2/26/2007,2705
2/24/2007,2680
2/23/2007,2694
2/22/2007,2620
2/21/2007,2574
2/20/2007,2557
2/19/2007,2619
2/17/2007,2619
2/16/2007,2563
2/15/2007,2566
2/14/2007,2594
2/13/2007,2568
2/12/2007,2600
2/10/2007,2639
2/9/2007,2630
2/8/2007,2548
2/7/2007,2619
2/6/2007,2643
2/5/2007,2609
2/3/2007,2603
2/2/2007,2531
2/1/2007,2568
1/31/2007,2496
1/30/2007,2417
1/29/2007,2419
1/27/2007,2452
1/25/2007,2420
1/24/2007,2377
1/23/2007,2294
1/22/2007,2303
1/20/2007,2305
1/19/2007,2259
1/18/2007,2301
1/17/2007,2264
1/16/2007,2305
1/15/2007,2364
1/13/2007,2364
1/12/2007,2329
1/11/2007,2411
1/10/2007,2440
1/9/2007,2433
1/8/2007,2534
1/6/2007,2495
1/5/2007,2468
1/4/2007,2528
1/3/2007,2629
1/2/2007,2700
1/1/2007,2700
12/30/2006,2700
12/29/2006,2665
12/28/2006,2686
12/26/2006,2791
12/23/2006,2758
12/22/2006,2778
12/21/2006,2800
12/20/2006,2823
12/19/2006,2775
12/18/2006,2811
12/16/2006,2833
12/15/2006,2783
12/14/2006,2787
12/13/2006,2734
12/12/2006,2756
12/11/2006,2751
12/9/2006,2772
12/8/2006,2840
12/7/2006,2756
12/6/2006,2773
12/5/2006,2814
12/4/2006,2794
12/2/2006,2833
12/1/2006,2796
11/30/2006,2829
11/29/2006,2742
11/28/2006,2718
11/27/2006,2672
11/25/2006,2615
11/24/2006,2615
11/23/2006,2615
11/22/2006,2593
11/21/2006,2562
11/20/2006,2494
11/18/2006,2512
11/17/2006,2500
11/16/2006,2665
11/15/2006,2659
11/14/2006,2653
11/13/2006,2636
11/11/2006,2649
11/10/2006,2691
11/9/2006,2733
11/8/2006,2650
11/7/2006,2681
11/6/2006,2674
11/4/2006,2652
11/3/2006,2601
11/2/2006,2638
11/1/2006,2644
10/31/2006,2631
10/30/2006,2681
10/28/2006,2747
10/27/2006,2734
10/26/2006,2683
10/25/2006,2592
10/24/2006,2591
10/23/2006,2575
10/21/2006,2575
10/20/2006,2644
10/19/2006,2647
10/18/2006,2661
10/17/2006,2710
10/16/2006,2653
10/14/2006,2664
10/13/2006,2673
10/12/2006,2631
10/11/2006,2682
10/10/2006,2715
10/9/2006,2768
10/7/2006,2726
10/6/2006,2714
10/5/2006,2777
10/4/2006,2696
10/3/2006,2739
9/30/2006,2891
9/29/2006,2856
9/28/2006,2891
9/27/2006,2802
9/26/2006,2795
9/25/2006,2733
9/23/2006,2760
9/22/2006,2798
9/21/2006,2784
9/20/2006,2843
9/19/2006,2946
9/18/2006,2916
9/16/2006,2921
9/15/2006,2885
9/14/2006,2951
9/13/2006,2967
9/12/2006,3026
9/11/2006,3031
9/9/2006,3061
9/8/2006,3103
9/7/2006,3119
9/6/2006,3161
9/5/2006,3185
9/4/2006,3219
9/2/2006,3219
9/1/2006,3271
8/31/2006,3245
8/30/2006,3237
8/29/2006,3238
8/28/2006,3362
8/26/2006,3362
8/25/2006,3355
8/24/2006,3313
8/23/2006,3359
8/22/2006,3359
8/21/2006,3328
8/19/2006,3307
8/18/2006,3268
8/17/2006,3287
8/16/2006,3389
8/14/2006,3397
8/12/2006,3459
8/11/2006,3445
8/10/2006,3487
8/9/2006,3564
8/8/2006,3566
8/7/2006,3552
8/5/2006,3479
8/4/2006,3504
8/3/2006,3488
8/2/2006,3529
8/1/2006,3485
7/31/2006,3412
7/29/2006,3410
7/28/2006,3404
7/27/2006,3470
7/26/2006,3455
7/25/2006,3501
7/24/2006,3447
7/22/2006,3468
7/21/2006,3479
7/20/2006,3420
7/19/2006,3432
7/18/2006,3556
7/17/2006,3577
7/15/2006,3577
7/14/2006,3610
7/13/2006,3527
7/12/2006,3436
7/11/2006,3393
7/10/2006,3395
7/8/2006,3417
7/7/2006,3480
7/6/2006,3452
7/5/2006,3409
7/3/2006,3407
7/1/2006,3407
6/30/2006,3407
6/29/2006,3350
6/28/2006,3334
6/27/2006,3327
6/26/2006,3266
6/24/2006,3266
6/23/2006,3245
6/22/2006,3232
6/21/2006,3167
6/20/2006,3165
6/19/2006,3209
6/17/2006,3209
6/16/2006,3182
6/15/2006,3207
6/14/2006,3163
6/13/2006,3188
6/12/2006,3294
6/10/2006,3289
6/9/2006,3274
6/8/2006,3206
6/7/2006,3302
6/6/2006,3290
6/5/2006,3349
6/3/2006,3339
6/2/2006,3287
6/1/2006,3240
5/31/2006,3287
5/30/2006,3349
5/29/2006,3272
5/27/2006,3272
5/26/2006,3255
5/25/2006,3214
5/24/2006,3222
5/23/2006,3227
5/22/2006,3097
5/20/2006,3115
5/19/2006,3123
5/18/2006,3120
5/17/2006,3149
5/16/2006,3179
5/15/2006,3180
5/13/2006,3245
5/12/2006,3277
5/11/2006,3322
5/10/2006,3168
5/9/2006,3131
5/8/2006,3097
5/6/2006,3150
5/5/2006,3145
5/4/2006,3209
5/3/2006,3338
5/2/2006,3314
5/1/2006,3254
4/29/2006,3232
4/28/2006,3231
4/27/2006,3199
4/26/2006,3280
4/25/2006,3113
4/24/2006,3195
4/22/2006,3322
4/21/2006,3219
4/20/2006,3233
4/19/2006,3203
4/18/2006,3174
4/17/2006,3145
4/15/2006,3140
4/13/2006,3089
4/12/2006,3100
4/11/2006,3096
4/10/2006,3065
4/8/2006,3008
4/7/2006,2999
4/6/2006,3039
4/5/2006,2967
4/4/2006,2953
4/3/2006,3018
4/1/2006,2972
3/31/2006,2967
3/30/2006,2972
3/29/2006,2947
3/28/2006,2910
3/27/2006,2852
3/25/2006,2856
3/24/2006,2849
3/23/2006,2740
3/22/2006,2673
3/21/2006,2647
3/20/2006,2788
3/18/2006,2788
3/17/2006,2825
3/16/2006,2751
3/14/2006,2762
3/13/2006,2668
3/11/2006,2668
3/10/2006,2672
3/9/2006,2693
3/8/2006,2676
3/7/2006,2760
3/6/2006,2805
3/4/2006,2824
3/3/2006,2808
3/2/2006,2771
3/1/2006,2743
2/28/2006,2682
2/27/2006,2754
2/25/2006,2767
2/24/2006,2597
2/23/2006,2582
2/22/2006,2713
2/21/2006,2662
2/20/2006,2662
2/18/2006,2662
2/17/2006,2652
2/16/2006,2579
2/15/2006,2647
2/14/2006,2682
2/13/2006,2731
2/11/2006,2734
2/10/2006,2779
2/9/2006,2776
2/8/2006,2777
2/7/2006,2838
2/6/2006,2904
2/4/2006,2891
2/3/2006,2866
2/2/2006,2924
2/1/2006,3002
1/31/2006,2992
1/30/2006,2982
1/28/2006,2992
1/27/2006,2976
1/25/2006,2936
1/24/2006,2970
1/23/2006,3032
1/21/2006,3032
1/20/2006,2988
1/19/2006,2910
1/18/2006,2949
1/17/2006,2891
1/16/2006,2830
1/14/2006,2830
1/13/2006,2823
1/12/2006,2848
1/11/2006,2802
1/10/2006,2836
1/9/2006,2816
1/7/2006,2868
1/6/2006,2840
1/5/2006,2830
1/4/2006,2810
1/3/2006,2805
1/2/2006,2755
12/31/2005,2755
12/30/2005,2702
12/29/2005,2698
12/28/2005,2668
12/27/2005,2608
12/26/2005,2630
12/24/2005,2630
12/23/2005,2599
12/22/2005,2653
12/21/2005,2631
12/20/2005,2598
12/19/2005,2588
12/17/2005,2635
12/16/2005,2705
12/15/2005,2755
12/14/2005,2827
12/13/2005,2833
12/12/2005,2772
12/10/2005,2745
12/9/2005,2794
12/8/2005,2752
12/7/2005,2784
12/6/2005,2773
12/5/2005,2777
12/3/2005,2736
12/2/2005,2714
12/1/2005,2633
11/30/2005,2594
11/29/2005,2635
11/28/2005,2674
11/24/2005,2674
11/23/2005,2675
11/22/2005,2680
11/21/2005,2579
11/19/2005,2568
11/18/2005,2579
11/17/2005,2652
11/16/2005,2602
11/15/2005,2635
11/14/2005,2633
11/12/2005,2633
11/11/2005,2648
11/10/2005,2699
11/9/2005,2746
11/8/2005,2716
11/7/2005,2789
11/5/2005,2751
11/2/2005,2698
10/31/2005,2725
10/29/2005,2760
10/28/2005,2746
10/27/2005,2726
10/26/2005,2844
10/25/2005,2793
10/24/2005,2702
10/22/2005,2573
10/21/2005,2759